{"times": [0.0833333333333333, 0.25, 0.5, 0.75, 3.0, 4.0, 6.0, 8.0, 12.0], "concentrations": [0.012601736629440951, 0.009775332429357483, 0.010460281451409285, 0.009562693926713937, 0.004926296017960553, 0.003087915104936804, 0.0024485867782704086, 0.002139408797308778, 0.0006071854027566553], "dosage_mass": 0.65}